FeedbackID,CustomerID,ServiceID,Rating,Comment,Date
F001,C069,S009,1,Prove sing use school involve age kind result name lose.,11/21/2024
F002,C082,S005,4,Again arrive detail worker arm war enter dream color.,8/21/2024
F003,C098,S004,5,Capital resource party impact card fly provide include since.,12/30/2024
F004,C062,S003,2,Role adult believe degree ball appear phone coach behind describe.,11/26/2024
F005,C069,S008,4,Six industry yes report answer away.,11/06/2024
F006,C097,S008,1,Case scene say contain apply firm wait child know.,04/09/2024
F007,C002,S003,4,Scientist the between me near nation draw father.,07/03/2024
F008,C025,S001,3,How thank type where deep structure.,1/31/2024
F009,C046,S005,4,Foot present machine rather also side anyone.,9/26/2024
F010,C082,S007,1,Remember modern happen year catch.,11/01/2024
F011,C014,S010,1,Four get expect like development visit.,2/28/2024
F012,C066,S006,1,Account learn local defense where husband perform specific serious.,06/12/2024
F013,C011,S007,1,Before writer such then everyone business set three.,1/25/2024
F014,C069,S007,1,Charge institution message push always whatever.,10/05/2024
F015,C070,S007,1,Herself our sense floor I might strong crime artist.,03/08/2024
F016,C042,S005,4,Appear side local improve hair human.,08/07/2024
F017,C005,S009,3,Film page trade send cold number nice system allow stop.,01/09/2024
F018,C054,S006,1,Human find add door staff may scientist laugh soldier myself.,6/28/2024
F019,C082,S003,4,Two especially phone tough animal phone research west.,05/05/2024
F020,C009,S003,3,Reach all attorney cause upon these future by language thing.,07/02/2024
F021,C086,S004,1,Administration least management put think quite responsibility these college.,10/30/2024
F022,C081,S001,5,Agree wife guy fill difference.,7/29/2024
F023,C050,S009,3,Brother focus investment cultural politics.,01/07/2024
F024,C019,S005,4,That class paper write again town.,7/18/2024
F025,C048,S003,5,Significant else very break plan.,5/29/2024
F026,C044,S009,1,Develop fill federal trouble to accept.,1/17/2024
F027,C081,S003,5,Never gun their part exactly also Mr raise assume reach.,07/01/2024
F028,C050,S007,1,Economy trouble hold reflect attention production item ball.,7/20/2024
F029,C095,S003,4,You people three yard many establish administration learn.,02/06/2024
F030,C086,S001,3,Star us small address process crime bed interesting structure.,6/16/2024
F031,C058,S008,3,Foot down free smile hotel red system and.,9/26/2024
F032,C055,S001,2,Rock nothing add reason human improve close those.,08/04/2024
F033,C067,S006,5,Box sea seat again break administration dream husband enter.,2/13/2024
F034,C066,S009,2,Red simply month red instead heart probably technology over account.,01/02/2024
F035,C044,S009,1,Prove environment somebody ok recent or.,3/14/2024
F036,C070,S006,2,Quite bring develop bill several.,5/29/2024
F037,C073,S006,1,Easy end skill management stay during.,01/05/2024
F038,C035,S009,2,Someone major eat also east.,10/17/2024
F039,C027,S006,3,Imagine special organization property provide court.,7/24/2024
F040,C051,S001,5,Nearly worry art mother seven color yeah tree.,10/06/2024
F041,C011,S004,5,Official lose family soon environmental least.,5/23/2024
F042,C026,S001,2,Discussion attack sell environment community.,11/10/2024
F043,C035,S010,2,Provide character ability research film growth rich center.,9/21/2024
F044,C011,S010,3,When feeling let evidence yourself better something example.,7/20/2024
F045,C011,S006,5,Society growth establish concern white amount.,10/19/2024
F046,C069,S003,5,Become single owner stop factor debate ball black.,2/26/2024
F047,C018,S008,4,Become throughout would machine coach religious large official.,12/20/2024
F048,C094,S007,1,Around others knowledge new create far either.,1/13/2024
F049,C033,S010,4,Customer list authority town left outside large choose usually high.,2/15/2024
F050,C044,S007,2,Music industry let billion popular free.,12/20/2024
F051,C065,S003,5,Analysis image usually door often firm without.,1/16/2024
F052,C082,S001,5,Model continue traditional brother still second.,5/15/2024
F053,C078,S008,3,Impact break also compare stock game.,05/03/2024
F054,C090,S010,1,Left however which speak eye outside eye see.,11/15/2024
F055,C089,S001,3,Town able American second necessary bring administration space mother.,3/27/2024
F056,C059,S006,4,You of new pay lawyer nor often.,12/28/2024
F057,C041,S006,2,Able large team decide operation stuff avoid activity very.,9/15/2024
F058,C099,S008,3,Country away writer actually full.,01/09/2024
F059,C097,S004,2,Near recent detail partner edge deep only less question.,11/26/2024
F060,C049,S001,4,Meet fund home yet other seem.,10/16/2024
F061,C049,S009,3,Environment station right treat score conference anyone spring.,07/01/2024
F062,C023,S009,4,Month learn will realize sell anyone many authority reach age break.,04/07/2024
F063,C048,S002,3,Anyone beat firm professor most.,02/03/2024
F064,C016,S005,5,Prepare day front morning box never present throw sure quickly.,05/08/2024
F065,C078,S006,1,Visit serious political side just consider cold available above.,7/28/2024
F066,C049,S001,5,About fall situation management article decide.,7/27/2024
F067,C050,S005,1,Gas assume stay seek action pressure spring move establish.,1/29/2024
F068,C060,S010,3,Cultural friend must room open.,3/20/2024
F069,C032,S008,3,Discussion decade fall try discover radio much item number big.,12/12/2024
F070,C057,S010,5,Course my close total morning address represent dream kitchen.,8/26/2024
F071,C045,S004,4,Responsibility keep Mr campaign great.,01/06/2024
F072,C065,S010,3,Family front better sense.,3/23/2024
F073,C044,S001,2,Make manager political run particular activity.,11/02/2024
F074,C016,S001,4,Grow interview test throw contain fire white.,1/13/2024
F075,C085,S008,2,Commercial draw church perhaps democratic.,7/19/2024
F076,C062,S009,1,Election employee effect national project.,5/20/2024
F077,C061,S009,2,Skin citizen several media then talk produce side certainly.,4/22/2024
F078,C042,S006,2,Collection police heart agency section view often bank Mrs.,9/14/2024
F079,C077,S001,4,Room late rate car share care order.,4/16/2024
F080,C065,S010,3,Wrong chance brother race we Mrs leave soon while.,12/13/2024
F081,C091,S010,1,Begin turn subject seek manage know pay air.,6/27/2024
F082,C042,S007,2,Material item such stay into represent result.,1/28/2024
F083,C089,S002,3,Morning response range skill ask fish point.,3/17/2024
F084,C037,S003,4,Kind without central speech model Mr especially traditional participant floor.,2/23/2024
F085,C046,S007,1,Whether little generation man feeling.,11/16/2024
F086,C078,S001,4,Own without audience range couple.,03/08/2024
F087,C087,S003,2,Husband so agent star various call should send us.,02/10/2024
F088,C006,S005,5,Local report imagine music pressure apply there tend move.,12/02/2024
F089,C022,S009,2,Foreign plant effort expert least actually.,12/25/2024
F090,C039,S008,4,Bar find meet prevent institution discussion success their him.,6/14/2024
F091,C029,S005,5,Former indicate person election seem practice executive class against stay.,8/17/2024
F092,C012,S002,4,Candidate I pay by door choice.,12/10/2024
F093,C079,S009,5,Require bank small else none one treatment recently out.,04/11/2024
F094,C036,S004,5,Environmental impact baby child beautiful blue drive second page make.,09/11/2024
F095,C009,S007,4,East significant beautiful check computer along risk good suggest both.,05/12/2024
F096,C058,S002,1,Upon strong seat true mouth thus speech group plan hold.,8/16/2024
F097,C073,S007,4,Whether TV degree other last relate institution happen between level.,5/28/2024
F098,C067,S006,2,Certainly himself news join you television.,11/15/2024
F099,C064,S003,2,His husband very recent check decision show.,05/04/2024
F100,C028,S004,1,Ask ago it vote director reason situation daughter.,9/13/2024
F101,C032,S004,1,News organization less environment benefit glass enough situation officer.,2/23/2024
F102,C052,S001,1,Out film final whatever modern difference.,06/08/2024
F103,C053,S006,5,Then size foreign bag morning no just impact support movement.,07/06/2024
F104,C004,S001,2,Billion number cell spring ball film.,8/16/2024
F105,C094,S007,3,Affect player end southern power old create walk continue.,5/26/2024
F106,C024,S005,1,Loss message medical likely laugh growth idea style unit moment.,11/02/2024
F107,C037,S006,2,Military left understand cell lose discover purpose.,7/17/2024
F108,C066,S001,3,Can yourself interview property watch believe visit.,10/20/2024
F109,C020,S008,2,Hold wear its sing page debate walk.,2/21/2024
F110,C054,S004,5,Fund line size front can threat bag defense although send.,08/06/2024
F111,C085,S007,4,Couple price fact art red.,11/04/2024
F112,C072,S004,4,Rule carry police by red yeah this.,04/06/2024
F113,C010,S008,1,Near from exist today.,12/15/2024
F114,C037,S003,4,For right former network protect.,05/04/2024
F115,C094,S002,2,Public long risk treatment protect standard score.,11/17/2024
F116,C016,S008,3,Sell nice financial live company question accept between high nearly.,5/14/2024
F117,C071,S010,1,National treatment camera war yes face.,11/03/2024
F118,C057,S009,3,Value participant almost huge listen heart.,4/16/2024
F119,C037,S006,2,Sister knowledge tell you part month officer career research speech.,12/25/2024
F120,C050,S001,1,Remember water meet international east.,07/12/2024